{"Accels": [1.0, 1.0, 1.0], "AccelBias": [0.0, 0.0, 0.0], "GyroBias": [0.04572983685968505, -0.13092432851555263, 0.014264108451485282], "Mags": [1.0, 1.0, 1.0], "MagBias": [-1.833279486188009, 1.9492247108033207, -6.15820248980828], "Magtransform": [[0.8916797631451774, 0.05581612137375878, 0.1077323962172554], [0.05581612137375877, 1.102401554275075, 0.237531088304507], [0.10773239621725544, 0.237531088304507, 1.0820247387375481]]}